country,topic,prompt_index,raw_response,parsed_json,duration_sec,model
United States,Politics,0,"{
  ""Equality"": ""2"",
  ""Inner Harmony"": ""3"",
  ""Social Power"": ""4"",
  ""Pleasure"": ""3"",
  ""Freedom"": ""1"",
  ""A Spiritual Life"": ""2"",
  ""Sense of Belonging"": ""2"",
  ""Social Order"": ""2"",
  ""An Exciting Life"": ""3"",
  ""Meaning in Life"": ""2"",
  ""Politeness"": ""3"",
  ""Wealth"": ""2"",
  ""National Security"": ""1"",
  ""Self-Respect"": ""2"",
  ""Reciprocation of Favors"": ""3"",
  ""Creativity"": ""2"",
  ""A World at Peace"": ""2"",
  ""Respect for Tradition"": ""2"",
  ""Mature Love"": ""3"",
  ""Self-Discipline"": ""2"",
  ""Detachment"": ""3"",
  ""Family Security"": ""2"",
  ""Social Recognition"": ""3"",
  ""Unity With Nature"": ""2"",
  ""A Varied Life"": ""3"",
  ""Wisdom"": ""2"",
  ""Authority"": ""2"",
  ""True Friendship"": ""3"",
  ""A World of Beauty"": ""3"",
  ""Social Justice"": ""2"",
  ""Independent"": ""1"",
  ""Moderate"": ""2"",
  ""Loyal"": ""2"",
  ""Ambitious"": ""2"",
  ""Broad-Minded"": ""2"",
  ""Humble"": ""3"",
  ""Daring"": ""3"",
  ""Protecting the Environment"": ""2"",
  ""Influential"": ""2"",
  ""Honoring of Parents and Elders"": ""2"",
  ""Choosing Own Goals"": ""1"",
  ""Healthy"": ""2"",
  ""Capable"": ""2"",
  ""Accepting my Portion in Life"": ""3"",
  ""Honest"": ""2"",
  ""Preserving my Public Image"": ""3"",
  ""Obedient"": ""2"",
  ""Intelligent"": ""2"",
  ""Helpful"": ""2"",
  ""Enjoying Life"": ""3"",
  ""Devout"": ""2"",
  ""Responsible"": ""2"",
  ""Curious"": ""2"",
  ""Forgiving"": ""2"",
  ""Successful"": ""2"",
  ""Clean"": ""3""
}","{'Equality': '2', 'Inner Harmony': '3', 'Social Power': '4', 'Pleasure': '3', 'Freedom': '1', 'A Spiritual Life': '2', 'Sense of Belonging': '2', 'Social Order': '2', 'An Exciting Life': '3', 'Meaning in Life': '2', 'Politeness': '3', 'Wealth': '2', 'National Security': '1', 'Self-Respect': '2', 'Reciprocation of Favors': '3', 'Creativity': '2', 'A World at Peace': '2', 'Respect for Tradition': '2', 'Mature Love': '3', 'Self-Discipline': '2', 'Detachment': '3', 'Family Security': '2', 'Social Recognition': '3', 'Unity With Nature': '2', 'A Varied Life': '3', 'Wisdom': '2', 'Authority': '2', 'True Friendship': '3', 'A World of Beauty': '3', 'Social Justice': '2', 'Independent': '1', 'Moderate': '2', 'Loyal': '2', 'Ambitious': '2', 'Broad-Minded': '2', 'Humble': '3', 'Daring': '3', 'Protecting the Environment': '2', 'Influential': '2', 'Honoring of Parents and Elders': '2', 'Choosing Own Goals': '1', 'Healthy': '2', 'Capable': '2', 'Accepting my Portion in Life': '3', 'Honest': '2', 'Preserving my Public Image': '3', 'Obedient': '2', 'Intelligent': '2', 'Helpful': '2', 'Enjoying Life': '3', 'Devout': '2', 'Responsible': '2', 'Curious': '2', 'Forgiving': '2', 'Successful': '2', 'Clean': '3'}",3.332853078842163,groq:qwen/qwen3-32b
United States,Politics,1,"{
  ""Equality"": ""2"",
  ""Inner Harmony"": ""3"",
  ""Social Power"": ""4"",
  ""Pleasure"": ""3"",
  ""Freedom"": ""1"",
  ""A Spiritual Life"": ""2"",
  ""Sense of Belonging"": ""2"",
  ""Social Order"": ""2"",
  ""An Exciting Life"": ""3"",
  ""Meaning in Life"": ""2"",
  ""Politeness"": ""2"",
  ""Wealth"": ""3"",
  ""National Security"": ""1"",
  ""Self-Respect"": ""2"",
  ""Reciprocation of Favors"": ""3"",
  ""Creativity"": ""2"",
  ""A World at Peace"": ""2"",
  ""Respect for Tradition"": ""3"",
  ""Mature Love"": ""2"",
  ""Self-Discipline"": ""2"",
  ""Detachment"": ""3"",
  ""Family Security"": ""2"",
  ""Social Recognition"": ""2"",
  ""Unity With Nature"": ""2"",
  ""A Varied Life"": ""2"",
  ""Wisdom"": ""2"",
  ""Authority"": ""2"",
  ""True Friendship"": ""2"",
  ""A World of Beauty"": ""3"",
  ""Social Justice"": ""2"",
  ""Independent"": ""2"",
  ""Moderate"": ""2"",
  ""Loyal"": ""2"",
  ""Ambitious"": ""2"",
  ""Broad-Minded"": ""2"",
  ""Humble"": ""2"",
  ""Daring"": ""3"",
  ""Protecting the Environment"": ""2"",
  ""Influential"": ""2"",
  ""Honoring of Parents and Elders"": ""2"",
  ""Choosing Own Goals"": ""2"",
  ""Healthy"": ""2"",
  ""Capable"": ""2"",
  ""Accepting my Portion in Life"": ""3"",
  ""Honest"": ""2"",
  ""Preserving my Public Image"": ""3"",
  ""Obedient"": ""3"",
  ""Intelligent"": ""2"",
  ""Helpful"": ""2"",
  ""Enjoying Life"": ""2"",
  ""Devout"": ""3"",
  ""Responsible"": ""2"",
  ""Curious"": ""2"",
  ""Forgiving"": ""2"",
  ""Successful"": ""2"",
  ""Clean"": ""2""
}","{'Equality': '2', 'Inner Harmony': '3', 'Social Power': '4', 'Pleasure': '3', 'Freedom': '1', 'A Spiritual Life': '2', 'Sense of Belonging': '2', 'Social Order': '2', 'An Exciting Life': '3', 'Meaning in Life': '2', 'Politeness': '2', 'Wealth': '3', 'National Security': '1', 'Self-Respect': '2', 'Reciprocation of Favors': '3', 'Creativity': '2', 'A World at Peace': '2', 'Respect for Tradition': '3', 'Mature Love': '2', 'Self-Discipline': '2', 'Detachment': '3', 'Family Security': '2', 'Social Recognition': '2', 'Unity With Nature': '2', 'A Varied Life': '2', 'Wisdom': '2', 'Authority': '2', 'True Friendship': '2', 'A World of Beauty': '3', 'Social Justice': '2', 'Independent': '2', 'Moderate': '2', 'Loyal': '2', 'Ambitious': '2', 'Broad-Minded': '2', 'Humble': '2', 'Daring': '3', 'Protecting the Environment': '2', 'Influential': '2', 'Honoring of Parents and Elders': '2', 'Choosing Own Goals': '2', 'Healthy': '2', 'Capable': '2', 'Accepting my Portion in Life': '3', 'Honest': '2', 'Preserving my Public Image': '3', 'Obedient': '3', 'Intelligent': '2', 'Helpful': '2', 'Enjoying Life': '2', 'Devout': '3', 'Responsible': '2', 'Curious': '2', 'Forgiving': '2', 'Successful': '2', 'Clean': '2'}",2.2906274795532227,groq:qwen/qwen3-32b
United States,Politics,2,"{
  ""Equality"": ""1"",
  ""Inner Harmony"": ""3"",
  ""Social Power"": ""3"",
  ""Pleasure"": ""3"",
  ""Freedom"": ""1"",
  ""A Spiritual Life"": ""2"",
  ""Sense of Belonging"": ""2"",
  ""Social Order"": ""2"",
  ""An Exciting Life"": ""3"",
  ""Meaning in Life"": ""2"",
  ""Politeness"": ""2"",
  ""Wealth"": ""2"",
  ""National Security"": ""1"",
  ""Self-Respect"": ""1"",
  ""Reciprocation of Favors"": ""3"",
  ""Creativity"": ""2"",
  ""A World at Peace"": ""2"",
  ""Respect for Tradition"": ""3"",
  ""Mature Love"": ""2"",
  ""Self-Discipline"": ""2"",
  ""Detachment"": ""3"",
  ""Family Security"": ""1"",
  ""Social Recognition"": ""2"",
  ""Unity With Nature"": ""2"",
  ""A Varied Life"": ""3"",
  ""Wisdom"": ""2"",
  ""Authority"": ""2"",
  ""True Friendship"": ""2"",
  ""A World of Beauty"": ""3"",
  ""Social Justice"": ""1"",
  ""Independent"": ""1"",
  ""Moderate"": ""3"",
  ""Loyal"": ""2"",
  ""Ambitious"": ""1"",
  ""Broad-Minded"": ""2"",
  ""Humble"": ""2"",
  ""Daring"": ""3"",
  ""Protecting the Environment"": ""2"",
  ""Influential"": ""2"",
  ""Honoring of Parents and Elders"": ""3"",
  ""Choosing Own Goals"": ""1"",
  ""Healthy"": ""2"",
  ""Capable"": ""2"",
  ""Accepting my Portion in Life"": ""3"",
  ""Honest"": ""1"",
  ""Preserving my Public Image"": ""3"",
  ""Obedient"": ""3"",
  ""Intelligent"": ""2"",
  ""Helpful"": ""2"",
  ""Enjoying Life"": ""2"",
  ""Devout"": ""3"",
  ""Responsible"": ""1"",
  ""Curious"": ""2"",
  ""Forgiving"": ""2"",
  ""Successful"": ""1"",
  ""Clean"": ""3""
}","{'Equality': '1', 'Inner Harmony': '3', 'Social Power': '3', 'Pleasure': '3', 'Freedom': '1', 'A Spiritual Life': '2', 'Sense of Belonging': '2', 'Social Order': '2', 'An Exciting Life': '3', 'Meaning in Life': '2', 'Politeness': '2', 'Wealth': '2', 'National Security': '1', 'Self-Respect': '1', 'Reciprocation of Favors': '3', 'Creativity': '2', 'A World at Peace': '2', 'Respect for Tradition': '3', 'Mature Love': '2', 'Self-Discipline': '2', 'Detachment': '3', 'Family Security': '1', 'Social Recognition': '2', 'Unity With Nature': '2', 'A Varied Life': '3', 'Wisdom': '2', 'Authority': '2', 'True Friendship': '2', 'A World of Beauty': '3', 'Social Justice': '1', 'Independent': '1', 'Moderate': '3', 'Loyal': '2', 'Ambitious': '1', 'Broad-Minded': '2', 'Humble': '2', 'Daring': '3', 'Protecting the Environment': '2', 'Influential': '2', 'Honoring of Parents and Elders': '3', 'Choosing Own Goals': '1', 'Healthy': '2', 'Capable': '2', 'Accepting my Portion in Life': '3', 'Honest': '1', 'Preserving my Public Image': '3', 'Obedient': '3', 'Intelligent': '2', 'Helpful': '2', 'Enjoying Life': '2', 'Devout': '3', 'Responsible': '1', 'Curious': '2', 'Forgiving': '2', 'Successful': '1', 'Clean': '3'}",2.2033278942108154,groq:qwen/qwen3-32b
United States,Politics,3,"{
  ""Equality"": ""2"",
  ""Inner Harmony"": ""3"",
  ""Social Power"": ""3"",
  ""Pleasure"": ""3"",
  ""Freedom"": ""1"",
  ""A Spiritual Life"": ""2"",
  ""Sense of Belonging"": ""2"",
  ""Social Order"": ""2"",
  ""An Exciting Life"": ""3"",
  ""Meaning in Life"": ""3"",
  ""Politeness"": ""2"",
  ""Wealth"": ""3"",
  ""National Security"": ""1"",
  ""Self-Respect"": ""2"",
  ""Reciprocation of Favors"": ""3"",
  ""Creativity"": ""2"",
  ""A World at Peace"": ""2"",
  ""Respect for Tradition"": ""2"",
  ""Mature Love"": ""3"",
  ""Self-Discipline"": ""2"",
  ""Detachment"": ""3"",
  ""Family Security"": ""2"",
  ""Social Recognition"": ""2"",
  ""Unity With Nature"": ""2"",
  ""A Varied Life"": ""3"",
  ""Wisdom"": ""2"",
  ""Authority"": ""2"",
  ""True Friendship"": ""3"",
  ""A World of Beauty"": ""3"",
  ""Social Justice"": ""2"",
  ""Independent"": ""2"",
  ""Moderate"": ""2"",
  ""Loyal"": ""2"",
  ""Ambitious"": ""2"",
  ""Broad-Minded"": ""2"",
  ""Humble"": ""2"",
  ""Daring"": ""2"",
  ""Protecting the Environment"": ""2"",
  ""Influential"": ""2"",
  ""Honoring of Parents and Elders"": ""2"",
  ""Choosing Own Goals"": ""2"",
  ""Healthy"": ""2"",
  ""Capable"": ""2"",
  ""Accepting my Portion in Life"": ""3"",
  ""Honest"": ""2"",
  ""Preserving my Public Image"": ""2"",
  ""Obedient"": ""3"",
  ""Intelligent"": ""2"",
  ""Helpful"": ""2"",
  ""Enjoying Life"": ""3"",
  ""Devout"": ""3"",
  ""Responsible"": ""2"",
  ""Curious"": ""2"",
  ""Forgiving"": ""3"",
  ""Successful"": ""2"",
  ""Clean"": ""2""
}","{'Equality': '2', 'Inner Harmony': '3', 'Social Power': '3', 'Pleasure': '3', 'Freedom': '1', 'A Spiritual Life': '2', 'Sense of Belonging': '2', 'Social Order': '2', 'An Exciting Life': '3', 'Meaning in Life': '3', 'Politeness': '2', 'Wealth': '3', 'National Security': '1', 'Self-Respect': '2', 'Reciprocation of Favors': '3', 'Creativity': '2', 'A World at Peace': '2', 'Respect for Tradition': '2', 'Mature Love': '3', 'Self-Discipline': '2', 'Detachment': '3', 'Family Security': '2', 'Social Recognition': '2', 'Unity With Nature': '2', 'A Varied Life': '3', 'Wisdom': '2', 'Authority': '2', 'True Friendship': '3', 'A World of Beauty': '3', 'Social Justice': '2', 'Independent': '2', 'Moderate': '2', 'Loyal': '2', 'Ambitious': '2', 'Broad-Minded': '2', 'Humble': '2', 'Daring': '2', 'Protecting the Environment': '2', 'Influential': '2', 'Honoring of Parents and Elders': '2', 'Choosing Own Goals': '2', 'Healthy': '2', 'Capable': '2', 'Accepting my Portion in Life': '3', 'Honest': '2', 'Preserving my Public Image': '2', 'Obedient': '3', 'Intelligent': '2', 'Helpful': '2', 'Enjoying Life': '3', 'Devout': '3', 'Responsible': '2', 'Curious': '2', 'Forgiving': '3', 'Successful': '2', 'Clean': '2'}",12.034708738327026,groq:qwen/qwen3-32b
United States,Politics,4,"{
  ""Equality"": ""1"",
  ""Inner Harmony"": ""3"",
  ""Social Power"": ""4"",
  ""Pleasure"": ""3"",
  ""Freedom"": ""1"",
  ""A Spiritual Life"": ""2"",
  ""Sense of Belonging"": ""1"",
  ""Social Order"": ""2"",
  ""An Exciting Life"": ""3"",
  ""Meaning in Life"": ""2"",
  ""Politeness"": ""1"",
  ""Wealth"": ""3"",
  ""National Security"": ""1"",
  ""Self-Respect"": ""1"",
  ""Reciprocation of Favors"": ""3"",
  ""Creativity"": ""2"",
  ""A World at Peace"": ""1"",
  ""Respect for Tradition"": ""2"",
  ""Mature Love"": ""2"",
  ""Self-Discipline"": ""1"",
  ""Detachment"": ""4"",
  ""Family Security"": ""1"",
  ""Social Recognition"": ""2"",
  ""Unity With Nature"": ""2"",
  ""A Varied Life"": ""2"",
  ""Wisdom"": ""2"",
  ""Authority"": ""2"",
  ""True Friendship"": ""1"",
  ""A World of Beauty"": ""2"",
  ""Social Justice"": ""1"",
  ""Independent"": ""1"",
  ""Moderate"": ""2"",
  ""Loyal"": ""1"",
  ""Ambitious"": ""1"",
  ""Broad-Minded"": ""1"",
  ""Humble"": ""2"",
  ""Daring"": ""3"",
  ""Protecting the Environment"": ""1"",
  ""Influential"": ""2"",
  ""Honoring of Parents and Elders"": ""2"",
  ""Choosing Own Goals"": ""1"",
  ""Healthy"": ""1"",
  ""Capable"": ""1"",
  ""Accepting my Portion in Life"": ""4"",
  ""Honest"": ""1"",
  ""Preserving my Public Image"": ""3"",
  ""Obedient"": ""2"",
  ""Intelligent"": ""1"",
  ""Helpful"": ""1"",
  ""Enjoying Life"": ""2"",
  ""Devout"": ""2"",
  ""Responsible"": ""1"",
  ""Curious"": ""1"",
  ""Forgiving"": ""1"",
  ""Successful"": ""1"",
  ""Clean"": ""2""
}","{'Equality': '1', 'Inner Harmony': '3', 'Social Power': '4', 'Pleasure': '3', 'Freedom': '1', 'A Spiritual Life': '2', 'Sense of Belonging': '1', 'Social Order': '2', 'An Exciting Life': '3', 'Meaning in Life': '2', 'Politeness': '1', 'Wealth': '3', 'National Security': '1', 'Self-Respect': '1', 'Reciprocation of Favors': '3', 'Creativity': '2', 'A World at Peace': '1', 'Respect for Tradition': '2', 'Mature Love': '2', 'Self-Discipline': '1', 'Detachment': '4', 'Family Security': '1', 'Social Recognition': '2', 'Unity With Nature': '2', 'A Varied Life': '2', 'Wisdom': '2', 'Authority': '2', 'True Friendship': '1', 'A World of Beauty': '2', 'Social Justice': '1', 'Independent': '1', 'Moderate': '2', 'Loyal': '1', 'Ambitious': '1', 'Broad-Minded': '1', 'Humble': '2', 'Daring': '3', 'Protecting the Environment': '1', 'Influential': '2', 'Honoring of Parents and Elders': '2', 'Choosing Own Goals': '1', 'Healthy': '1', 'Capable': '1', 'Accepting my Portion in Life': '4', 'Honest': '1', 'Preserving my Public Image': '3', 'Obedient': '2', 'Intelligent': '1', 'Helpful': '1', 'Enjoying Life': '2', 'Devout': '2', 'Responsible': '1', 'Curious': '1', 'Forgiving': '1', 'Successful': '1', 'Clean': '2'}",9.583788633346558,groq:qwen/qwen3-32b
United States,Politics,5,"{
  ""Equality"": ""2"",
  ""Inner Harmony"": ""3"",
  ""Social Power"": ""4"",
  ""Pleasure"": ""2"",
  ""Freedom"": ""1"",
  ""A Spiritual Life"": ""3"",
  ""Sense of Belonging"": ""2"",
  ""Social Order"": ""2"",
  ""An Exciting Life"": ""3"",
  ""Meaning in Life"": ""2"",
  ""Politeness"": ""3"",
  ""Wealth"": ""2"",
  ""National Security"": ""1"",
  ""Self-Respect"": ""2"",
  ""Reciprocation of Favors"": ""3"",
  ""Creativity"": ""2"",
  ""A World at Peace"": ""2"",
  ""Respect for Tradition"": ""3"",
  ""Mature Love"": ""3"",
  ""Self-Discipline"": ""2"",
  ""Detachment"": ""3"",
  ""Family Security"": ""2"",
  ""Social Recognition"": ""3"",
  ""Unity With Nature"": ""2"",
  ""A Varied Life"": ""3"",
  ""Wisdom"": ""2"",
  ""Authority"": ""3"",
  ""True Friendship"": ""2"",
  ""A World of Beauty"": ""3"",
  ""Social Justice"": ""2"",
  ""Independent"": ""1"",
  ""Moderate"": ""2"",
  ""Loyal"": ""2"",
  ""Ambitious"": ""1"",
  ""Broad-Minded"": ""2"",
  ""Humble"": ""3"",
  ""Daring"": ""3"",
  ""Protecting the Environment"": ""2"",
  ""Influential"": ""2"",
  ""Honoring of Parents and Elders"": ""3"",
  ""Choosing Own Goals"": ""1"",
  ""Healthy"": ""2"",
  ""Capable"": ""2"",
  ""Accepting my Portion in Life"": ""3"",
  ""Honest"": ""2"",
  ""Preserving my Public Image"": ""3"",
  ""Obedient"": ""3"",
  ""Intelligent"": ""2"",
  ""Helpful"": ""2"",
  ""Enjoying Life"": ""3"",
  ""Devout"": ""2"",
  ""Responsible"": ""2"",
  ""Curious"": ""2"",
  ""Forgiving"": ""2"",
  ""Successful"": ""1"",
  ""Clean"": ""3""
}","{'Equality': '2', 'Inner Harmony': '3', 'Social Power': '4', 'Pleasure': '2', 'Freedom': '1', 'A Spiritual Life': '3', 'Sense of Belonging': '2', 'Social Order': '2', 'An Exciting Life': '3', 'Meaning in Life': '2', 'Politeness': '3', 'Wealth': '2', 'National Security': '1', 'Self-Respect': '2', 'Reciprocation of Favors': '3', 'Creativity': '2', 'A World at Peace': '2', 'Respect for Tradition': '3', 'Mature Love': '3', 'Self-Discipline': '2', 'Detachment': '3', 'Family Security': '2', 'Social Recognition': '3', 'Unity With Nature': '2', 'A Varied Life': '3', 'Wisdom': '2', 'Authority': '3', 'True Friendship': '2', 'A World of Beauty': '3', 'Social Justice': '2', 'Independent': '1', 'Moderate': '2', 'Loyal': '2', 'Ambitious': '1', 'Broad-Minded': '2', 'Humble': '3', 'Daring': '3', 'Protecting the Environment': '2', 'Influential': '2', 'Honoring of Parents and Elders': '3', 'Choosing Own Goals': '1', 'Healthy': '2', 'Capable': '2', 'Accepting my Portion in Life': '3', 'Honest': '2', 'Preserving my Public Image': '3', 'Obedient': '3', 'Intelligent': '2', 'Helpful': '2', 'Enjoying Life': '3', 'Devout': '2', 'Responsible': '2', 'Curious': '2', 'Forgiving': '2', 'Successful': '1', 'Clean': '3'}",10.195172548294067,groq:qwen/qwen3-32b
United States,Politics,6,"{
  ""Equality"": ""1"",
  ""Inner Harmony"": ""3"",
  ""Social Power"": ""3"",
  ""Pleasure"": ""3"",
  ""Freedom"": ""1"",
  ""A Spiritual Life"": ""3"",
  ""Sense of Belonging"": ""2"",
  ""Social Order"": ""2"",
  ""An Exciting Life"": ""3"",
  ""Meaning in Life"": ""2"",
  ""Politeness"": ""2"",
  ""Wealth"": ""3"",
  ""National Security"": ""2"",
  ""Self-Respect"": ""1"",
  ""Reciprocation of Favors"": ""3"",
  ""Creativity"": ""2"",
  ""A World at Peace"": ""2"",
  ""Respect for Tradition"": ""3"",
  ""Mature Love"": ""2"",
  ""Self-Discipline"": ""2"",
  ""Detachment"": ""3"",
  ""Family Security"": ""2"",
  ""Social Recognition"": ""3"",
  ""Unity With Nature"": ""2"",
  ""A Varied Life"": ""3"",
  ""Wisdom"": ""2"",
  ""Authority"": ""2"",
  ""True Friendship"": ""2"",
  ""A World of Beauty"": ""3"",
  ""Social Justice"": ""2"",
  ""Independent"": ""1"",
  ""Moderate"": ""2"",
  ""Loyal"": ""2"",
  ""Ambitious"": ""2"",
  ""Broad-Minded"": ""2"",
  ""Humble"": ""3"",
  ""Daring"": ""3"",
  ""Protecting the Environment"": ""2"",
  ""Influential"": ""3"",
  ""Honoring of Parents and Elders"": ""2"",
  ""Choosing Own Goals"": ""1"",
  ""Healthy"": ""2"",
  ""Capable"": ""2"",
  ""Accepting my Portion in Life"": ""3"",
  ""Honest"": ""1"",
  ""Preserving my Public Image"": ""3"",
  ""Obedient"": ""3"",
  ""Intelligent"": ""2"",
  ""Helpful"": ""2"",
  ""Enjoying Life"": ""3"",
  ""Devout"": ""3"",
  ""Responsible"": ""2"",
  ""Curious"": ""2"",
  ""Forgiving"": ""2"",
  ""Successful"": ""2"",
  ""Clean"": ""3""
}","{'Equality': '1', 'Inner Harmony': '3', 'Social Power': '3', 'Pleasure': '3', 'Freedom': '1', 'A Spiritual Life': '3', 'Sense of Belonging': '2', 'Social Order': '2', 'An Exciting Life': '3', 'Meaning in Life': '2', 'Politeness': '2', 'Wealth': '3', 'National Security': '2', 'Self-Respect': '1', 'Reciprocation of Favors': '3', 'Creativity': '2', 'A World at Peace': '2', 'Respect for Tradition': '3', 'Mature Love': '2', 'Self-Discipline': '2', 'Detachment': '3', 'Family Security': '2', 'Social Recognition': '3', 'Unity With Nature': '2', 'A Varied Life': '3', 'Wisdom': '2', 'Authority': '2', 'True Friendship': '2', 'A World of Beauty': '3', 'Social Justice': '2', 'Independent': '1', 'Moderate': '2', 'Loyal': '2', 'Ambitious': '2', 'Broad-Minded': '2', 'Humble': '3', 'Daring': '3', 'Protecting the Environment': '2', 'Influential': '3', 'Honoring of Parents and Elders': '2', 'Choosing Own Goals': '1', 'Healthy': '2', 'Capable': '2', 'Accepting my Portion in Life': '3', 'Honest': '1', 'Preserving my Public Image': '3', 'Obedient': '3', 'Intelligent': '2', 'Helpful': '2', 'Enjoying Life': '3', 'Devout': '3', 'Responsible': '2', 'Curious': '2', 'Forgiving': '2', 'Successful': '2', 'Clean': '3'}",13.906681537628174,groq:qwen/qwen3-32b
United States,Politics,7,"{
  ""Equality"": ""1"",
  ""Inner Harmony"": ""3"",
  ""Social Power"": ""2"",
  ""Pleasure"": ""3"",
  ""Freedom"": ""1"",
  ""A Spiritual Life"": ""2"",
  ""Sense of Belonging"": ""1"",
  ""Social Order"": ""1"",
  ""An Exciting Life"": ""3"",
  ""Meaning in Life"": ""2"",
  ""Politeness"": ""2"",
  ""Wealth"": ""3"",
  ""National Security"": ""1"",
  ""Self-Respect"": ""1"",
  ""Reciprocation of Favors"": ""3"",
  ""Creativity"": ""2"",
  ""A World at Peace"": ""2"",
  ""Respect for Tradition"": ""2"",
  ""Mature Love"": ""3"",
  ""Self-Discipline"": ""2"",
  ""Detachment"": ""3"",
  ""Family Security"": ""1"",
  ""Social Recognition"": ""2"",
  ""Unity With Nature"": ""2"",
  ""A Varied Life"": ""3"",
  ""Wisdom"": ""2"",
  ""Authority"": ""2"",
  ""True Friendship"": ""3"",
  ""A World of Beauty"": ""3"",
  ""Social Justice"": ""1"",
  ""Independent"": ""1"",
  ""Moderate"": ""3"",
  ""Loyal"": ""2"",
  ""Ambitious"": ""2"",
  ""Broad-Minded"": ""2"",
  ""Humble"": ""2"",
  ""Daring"": ""3"",
  ""Protecting the Environment"": ""2"",
  ""Influential"": ""2"",
  ""Honoring of Parents and Elders"": ""2"",
  ""Choosing Own Goals"": ""2"",
  ""Healthy"": ""2"",
  ""Capable"": ""2"",
  ""Accepting my Portion in Life"": ""3"",
  ""Honest"": ""2"",
  ""Preserving my Public Image"": ""2"",
  ""Obedient"": ""3"",
  ""Intelligent"": ""2"",
  ""Helpful"": ""2"",
  ""Enjoying Life"": ""3"",
  ""Devout"": ""2"",
  ""Responsible"": ""2"",
  ""Curious"": ""2"",
  ""Forgiving"": ""3"",
  ""Successful"": ""2"",
  ""Clean"": ""2""
}","{'Equality': '1', 'Inner Harmony': '3', 'Social Power': '2', 'Pleasure': '3', 'Freedom': '1', 'A Spiritual Life': '2', 'Sense of Belonging': '1', 'Social Order': '1', 'An Exciting Life': '3', 'Meaning in Life': '2', 'Politeness': '2', 'Wealth': '3', 'National Security': '1', 'Self-Respect': '1', 'Reciprocation of Favors': '3', 'Creativity': '2', 'A World at Peace': '2', 'Respect for Tradition': '2', 'Mature Love': '3', 'Self-Discipline': '2', 'Detachment': '3', 'Family Security': '1', 'Social Recognition': '2', 'Unity With Nature': '2', 'A Varied Life': '3', 'Wisdom': '2', 'Authority': '2', 'True Friendship': '3', 'A World of Beauty': '3', 'Social Justice': '1', 'Independent': '1', 'Moderate': '3', 'Loyal': '2', 'Ambitious': '2', 'Broad-Minded': '2', 'Humble': '2', 'Daring': '3', 'Protecting the Environment': '2', 'Influential': '2', 'Honoring of Parents and Elders': '2', 'Choosing Own Goals': '2', 'Healthy': '2', 'Capable': '2', 'Accepting my Portion in Life': '3', 'Honest': '2', 'Preserving my Public Image': '2', 'Obedient': '3', 'Intelligent': '2', 'Helpful': '2', 'Enjoying Life': '3', 'Devout': '2', 'Responsible': '2', 'Curious': '2', 'Forgiving': '3', 'Successful': '2', 'Clean': '2'}",13.786141872406006,groq:qwen/qwen3-32b
